roi_id,tissue,n_vox_all,n_vox_fit,F_prior,V_prior,Cin_prior,R_fit,C_wk_fit,tau_fit,F_fit,V_fit,Cin_bar_fit,loss,success,message
1,GM,24493,24493,66.99224090576172,5.991230487823486,18.047224893504374,1.071628178087362,12.273877189404761,13.153032650549855,67.42690599159653,5.973136002023284,12.69823871964974,0.04889530020719753,True,Optimization terminated successfully.
2,GM,40433,37499,35.0081901550293,2.0018179416656494,9.049922305681417,1.1227662441634736,11.874872505339402,13.332706002740018,35.21740788084197,2.0017156242954584,6.245254727175394,0.04021179347116853,True,Optimization terminated successfully.
3,GM,2402,1161,13.004533290863037,1.9986319541931152,9.203411729264662,0.0005138097077651058,8380.174291766514,4.305814903873205,8.90771495183984,1.9972233610424952,29.387082449136184,0.09423170000375043,True,Optimization terminated successfully.
4,GM,7072,6309,44.008676528930664,2.9975883960723877,11.068967813817192,0.0143317948196842,2666.7978770883747,38.21999999999999,53.031925524007335,2.997584938116112,9.967072327129964,0.27712432678498394,True,Optimization terminated successfully.
5,GM,3144,3144,152.93959045410156,18.966126441955566,45.362173055952766,0.9999431725164845,2.3022275110417496,2.302096681245817,152.9139860328277,18.969327873985335,48.08432796288013,0.008376382126898998,True,Optimization terminated successfully.
6,GM,11550,11550,105.15528869628906,10.992385864257812,29.169130310992248,1.021622263951241,10.984776835327091,11.22229257950601,105.642261882552,10.953561947191776,23.47639813317924,0.02394123118336991,True,Optimization terminated successfully.
7,GM,10458,8942,24.994733810424805,3.0000123977661133,10.154945394144713,0.0023209206272404095,2381.391010199504,5.527019517096905,18.715153379817686,3.002332192657098,16.957940874198247,0.0820748280629406,True,Optimization terminated successfully.
8,GM,15115,87,1.0000574588775635,3.884579928126186e-05,3.078335339426852,646.3920234052847,0.004797767790186972,3.101238829727658,0.9486676409862868,3.884579928126186e-05,2.870720722724142,7.0329387361444,True,Optimization terminated successfully.
9,WM,3078,3078,2.005972146987915,1.82293606485473e-05,0.021402912925462512,1058.6595847136455,0.000944629313820333,1.0000408770773697,1.9920593204574506,1.8229360648547245e-05,0.007349490825081914,1.822927710568418,True,Optimization terminated successfully.
10,WM,46683,37573,23.008716583251953,1.9974675178527832,6.885197345257277,1.1443934689915567,11.031015591739719,12.623822199530967,23.20007033676191,1.9946772691980703,5.017388543422075,0.0302676962212664,True,Optimization terminated successfully.
11,WM,9830,6933,16.00148296356201,2.000012159347534,6.916065459635046,0.002303276074078084,2142.820666585697,4.935507572386887,11.781445966259245,2.002415000544336,11.78468145761835,0.07825704433054874,True,Optimization terminated successfully.
12,WM,2256,2256,100.99750137329102,10.003882884979248,28.325492872017655,1.0139559451438633,9.69343396395759,9.828714996614243,101.21619931368404,9.98916609259711,24.50760824837795,0.02100182056225948,True,Optimization terminated successfully.
13,WM,14388,14388,50.07303047180176,4.00209641456604,13.83226686636126,1.0605751669121473,11.329960925098222,12.016275199244154,50.26198162281472,3.9989785979315835,10.501331962520975,0.030282549172999457,True,Optimization terminated successfully.
14,WM,2288,588,10.998809814453125,1.9971611499786377,5.954368759392096,0.0002496000129143295,14772.170283657777,3.6871338935736553,7.266567966419154,1.9981376013318959,18.770194833201415,0.09984290913476412,True,Optimization terminated successfully.
15,CSF,38548,26272,47.01957702636719,4.009020805358887,19.367612738163544,1.016640446875568,8.587106145256653,8.72999942888166,47.07487305847058,4.0079485152351335,17.63877799001763,0.017106745479772766,True,Optimization terminated successfully.
16,BrainStem,1966,1886,33.98932647705078,2.0017893314361572,11.215425188710343,1.0910563225017564,11.290413362239276,12.318476882529476,34.136297073438506,2.0017126452823617,8.25237498878619,0.025571886350280123,True,Optimization terminated successfully.
